resource_id,concept_id,concept_type,url,description
R01,T001,theme,https://www.bbc.co.uk/,A helpful guide to assist with the making of whatever it is you are doing.
R02,T002,theme,https://www.bbc.co.uk/,A helpful guide to assist with the making of whatever it is you are doing.
R03,T002,theme,https://www.bbc.co.uk/,A helpful guide to assist with the making of whatever it is you are doing.
R04,T002,theme,https://www.bbc.co.uk/,A helpful guide to assist with the making of whatever it is you are doing.
R05,T003,theme,https://www.bbc.co.uk/,A helpful guide to assist with the making of whatever it is you are doing.
R06,T003,theme,https://www.bbc.co.uk/,A helpful guide to assist with the making of whatever it is you are doing.
R07,T003,theme,https://www.bbc.co.uk/,A helpful guide to assist with the making of whatever it is you are doing.
R08,T003,theme,https://www.bbc.co.uk/,A helpful guide to assist with the making of whatever it is you are doing.
R09,T003,theme,https://www.bbc.co.uk/,A helpful guide to assist with the making of whatever it is you are doing.
R10,T003,theme,https://www.bbc.co.uk/,A helpful guide to assist with the making of whatever it is you are doing.
R11,T003,theme,https://www.bbc.co.uk/,A helpful guide to assist with the making of whatever it is you are doing.
R12,TH-COI,theory,https://www.bbc.co.uk/,A helpful guide to assist with the making of whatever it is you are doing.
R13,TH-CL-1,theory,https://www.bbc.co.uk/,A helpful guide to assist with the making of whatever it is you are doing.
R14,TH-CL-1,theory,https://www.bbc.co.uk/,A helpful guide to assist with the making of whatever it is you are doing.
R15,TH-CL-1,theory,https://www.bbc.co.uk/,A helpful guide to assist with the making of whatever it is you are doing.
R16,TH-ML-1,theory,https://www.bbc.co.uk/,A helpful guide to assist with the making of whatever it is you are doing.
R17,TH-ML-1,theory,https://www.bbc.co.uk/,A helpful guide to assist with the making of whatever it is you are doing.
R18,TH-ML-1,theory,https://www.bbc.co.uk/,A helpful guide to assist with the making of whatever it is you are doing.
R19,TH-ML-1,theory,https://www.bbc.co.uk/,A helpful guide to assist with the making of whatever it is you are doing.
R20,TH-ML-1,theory,https://www.bbc.co.uk/,A helpful guide to assist with the making of whatever it is you are doing.
R21,TH-ML-1,theory,https://www.bbc.co.uk/,A helpful guide to assist with the making of whatever it is you are doing.
R22,TH-ML-1,theory,https://www.bbc.co.uk/,A helpful guide to assist with the making of whatever it is you are doing.